%time,field.header.seq,field.header.stamp,field.header.frame_id,field.time,field.frame_id,field.lat,field.lon,field.alt,field.utm_easting,field.utm_northing,field.zone_num,field.zone_letter
1695769008666469068,1,1695769008664371728,,225621.0,GPS1_FRAME,42.30184333333333,-71.115115,25.9,325657.6778282354,4685456.769260733,19.0,T
1695769010173196328,2,1695769010171253204,,225622.0,GPS1_FRAME,42.30184833333333,-71.11512666666667,26.0,325656.7299404674,4685457.348375279,19.0,T
1695769011679864243,3,1695769011677983045,,225623.0,GPS1_FRAME,42.301853333333334,-71.11514,26.1,325655.6446687793,4685457.930904952,19.0,T
1695769013186744121,4,1695769013184809684,,225624.0,GPS1_FRAME,42.301858333333335,-71.11515333333334,26.2,325654.5593972616,4685458.5134347975,19.0,T
1695769014693744026,5,1695769014691909790,,225625.0,GPS1_FRAME,42.30186333333333,-71.11516666666667,26.3,325653.4741259206,4685459.095964816,19.0,T
1695769017705679897,6,1695769017703899383,,225626.0,GPS1_FRAME,42.30186833333333,-71.11517833333333,26.5,325652.52623879723,4685459.675079951,19.0,T
1695769019213172154,7,1695769019211357116,,225627.0,GPS1_FRAME,42.30187166666666,-71.11518833333334,26.6,325651.71113541676,4685460.065710209,19.0,T
1695769020720711412,8,1695769020718965053,,225628.0,GPS1_FRAME,42.301876666666665,-71.1152,26.7,325650.7632485629,4685460.644825593,19.0,T
1695769022228509372,9,1695769022226591348,,225629.0,GPS1_FRAME,42.30188166666667,-71.11521166666667,26.9,325649.81536186405,4685461.223941108,19.0,T
1695769023735855838,10,1695769023733947038,,225630.0,GPS1_FRAME,42.30188666666667,-71.11522166666667,27.1,325649.0048593196,4685461.799641629,19.0,T
1695769026747401670,11,1695769026745635986,,225631.0,GPS1_FRAME,42.30189,-71.11523,27.2,325648.32714036887,4685462.18685717,19.0,T
1695769028254091261,12,1695769028252285003,,225632.0,GPS1_FRAME,42.301895,-71.11524166666666,27.4,325647.37925406895,4685462.765973029,19.0,T
1695769029761205601,13,1695769029759307861,,225633.0,GPS1_FRAME,42.301898333333334,-71.11525166666667,27.4,325646.5641513142,4685463.156603904,19.0,T
1695769031268016517,14,1695769031266140699,,225634.0,GPS1_FRAME,42.301903333333335,-71.11526333333333,27.5,325645.6162652859,4685463.735720011,19.0,T
1695769032774674236,15,1695769032772874832,,225635.0,GPS1_FRAME,42.30190833333333,-71.11527333333333,27.6,325644.8057633629,4685464.311421038,19.0,T
1695769035786346123,16,1695769035784338951,,225636.0,GPS1_FRAME,42.30191333333333,-71.115285,27.6,325643.85787762987,4685464.89053739,19.0,T
1695769037293218409,17,1695769037291249513,,225637.0,GPS1_FRAME,42.30191833333333,-71.11529666666667,27.6,325642.9099920477,4685465.4696538765,19.0,T
1695769038800017561,18,1695769038798097848,,225638.0,GPS1_FRAME,42.301923333333335,-71.11530833333333,27.7,325641.9621066208,4685466.048770497,19.0,T
1695769040306861685,19,1695769040304863214,,225639.0,GPS1_FRAME,42.301928333333336,-71.11531833333333,27.8,325641.15160525613,4685466.624471963,19.0,T
1695769041813662904,20,1695769041811722755,,225640.0,GPS1_FRAME,42.30193333333333,-71.11532666666666,27.9,325640.478487932,4685467.196758231,19.0,T
1695769044825516698,21,1695769044823659420,,225641.0,GPS1_FRAME,42.30193666666667,-71.11533333333334,28.1,325639.93815384374,4685467.580559319,19.0,T
1695769046332704858,22,1695769046330770969,,225642.0,GPS1_FRAME,42.30193833333333,-71.115335,28.2,325639.80537071347,4685467.769044567,19.0,T
1695769047839430610,23,1695769047837588071,,225643.0,GPS1_FRAME,42.30193833333333,-71.115335,28.2,325639.80537071347,4685467.769044567,19.0,T
1695769049346758743,24,1695769049344743013,,225644.0,GPS1_FRAME,42.30193833333333,-71.115335,28.2,325639.80537071347,4685467.769044567,19.0,T
1695769050853943168,25,1695769050851968526,,225645.0,GPS1_FRAME,42.30193833333333,-71.115335,28.2,325639.80537071347,4685467.769044567,19.0,T
1695769053865275926,26,1695769053863358736,,225646.0,GPS1_FRAME,42.30193833333333,-71.115335,28.2,325639.80537071347,4685467.769044567,19.0,T
1695769055372225345,27,1695769055370465993,,225647.0,GPS1_FRAME,42.301941666666664,-71.115335,28.4,325639.8145722484,4685468.139184444,19.0,T
1695769056879173764,28,1695769056877352476,,225648.0,GPS1_FRAME,42.301941666666664,-71.115335,28.4,325639.8145722484,4685468.139184444,19.0,T
1695769058385766834,29,1695769058384098529,,225649.0,GPS1_FRAME,42.301941666666664,-71.115335,28.4,325639.8145722484,4685468.139184444,19.0,T
1695769059892576109,30,1695769059890751123,,225650.0,GPS1_FRAME,42.301941666666664,-71.115335,28.4,325639.8145722484,4685468.139184444,19.0,T
1695769062904460074,31,1695769062902497529,,225651.0,GPS1_FRAME,42.301941666666664,-71.115335,28.4,325639.8145722484,4685468.139184444,19.0,T
1695769064411077099,32,1695769064409281015,,225652.0,GPS1_FRAME,42.301941666666664,-71.115335,28.4,325639.8145722484,4685468.139184444,19.0,T
1695769065917659178,33,1695769065915950775,,225653.0,GPS1_FRAME,42.301941666666664,-71.115335,28.4,325639.8145722484,4685468.139184444,19.0,T
1695769067425870732,34,1695769067423220157,,225654.0,GPS1_FRAME,42.301941666666664,-71.115335,28.4,325639.8145722484,4685468.139184444,19.0,T
1695769068934168055,35,1695769068931483745,,225655.0,GPS1_FRAME,42.301945,-71.11533666666666,28.8,325639.6863899088,4685468.512739635,19.0,T
1695769071947372520,36,1695769071945367813,,225656.0,GPS1_FRAME,42.301945,-71.11533666666666,28.8,325639.6863899088,4685468.512739635,19.0,T
1695769073454779073,37,1695769073452800273,,225657.0,GPS1_FRAME,42.301945,-71.11533666666666,28.8,325639.6863899088,4685468.512739635,19.0,T
1695769074961871463,38,1695769074959934234,,225658.0,GPS1_FRAME,42.301948333333335,-71.11534,28.6,325639.4208237077,4685468.889710145,19.0,T
1695769076468986714,39,1695769076467157602,,225659.0,GPS1_FRAME,42.301948333333335,-71.11534166666667,28.6,325639.28343983757,4685468.893125465,19.0,T
1695769077976081742,40,1695769077974148750,,225700.0,GPS1_FRAME,42.301948333333335,-71.11534166666667,28.6,325639.28343983757,4685468.893125465,19.0,T
1695769080988705795,41,1695769080986752510,,225701.0,GPS1_FRAME,42.301948333333335,-71.11534166666667,28.6,325639.28343983757,4685468.893125465,19.0,T
1695769082495565223,42,1695769082493613481,,225702.0,GPS1_FRAME,42.301948333333335,-71.11534166666667,28.6,325639.28343983757,4685468.893125465,19.0,T
1695769084002063011,43,1695769084000372648,,225703.0,GPS1_FRAME,42.301948333333335,-71.11534166666667,28.6,325639.28343983757,4685468.893125465,19.0,T
1695769085508553032,44,1695769085506902933,,225704.0,GPS1_FRAME,42.301948333333335,-71.11534166666667,28.6,325639.28343983757,4685468.893125465,19.0,T
1695769087015129732,45,1695769087013440370,,225705.0,GPS1_FRAME,42.30195,-71.11534833333333,28.1,325638.73850515205,4685469.091856712,19.0,T
1695769090027518618,46,1695769090025537252,,225706.0,GPS1_FRAME,42.301948333333335,-71.11535166666667,28.0,325638.4591366101,4685468.913617442,19.0,T
1695769091533938472,47,1695769091532216072,,225707.0,GPS1_FRAME,42.301945,-71.11535333333333,28.0,325638.312551126,4685468.546892904,19.0,T
1695769093040691658,48,1695769093038884162,,225708.0,GPS1_FRAME,42.301941666666664,-71.115355,27.8,325638.1659656237,4685468.180168366,19.0,T
1695769094547246099,49,1695769094545476675,,225709.0,GPS1_FRAME,42.301941666666664,-71.11535333333333,27.8,325638.30334951053,4685468.176753025,19.0,T
1695769096053697939,50,1695769096052030563,,225710.0,GPS1_FRAME,42.301941666666664,-71.11535333333333,27.8,325638.30334951053,4685468.176753025,19.0,T
1695769099065372346,51,1695769099063512802,,225711.0,GPS1_FRAME,42.301941666666664,-71.11535333333333,27.8,325638.30334951053,4685468.176753025,19.0,T
1695769100572069223,52,1695769100570280075,,225712.0,GPS1_FRAME,42.301941666666664,-71.11535333333333,27.8,325638.30334951053,4685468.176753025,19.0,T
1695769102078795102,53,1695769102076985836,,225713.0,GPS1_FRAME,42.301941666666664,-71.11535333333333,27.8,325638.30334951053,4685468.176753025,19.0,T
1695769103585169003,54,1695769103583494663,,225714.0,GPS1_FRAME,42.301941666666664,-71.11535333333333,27.8,325638.30334951053,4685468.176753025,19.0,T
1695769105091664510,55,1695769105089977502,,225715.0,GPS1_FRAME,42.301941666666664,-71.11535333333333,27.8,325638.30334951053,4685468.176753025,19.0,T
1695769108104203122,56,1695769108102616786,,225716.0,GPS1_FRAME,42.301941666666664,-71.11535333333333,27.8,325638.30334951053,4685468.176753025,19.0,T
1695769109611294674,57,1695769109609551668,,225717.0,GPS1_FRAME,42.301941666666664,-71.11535333333333,27.8,325638.30334951053,4685468.176753025,19.0,T
1695769111118115853,58,1695769111116513729,,225718.0,GPS1_FRAME,42.301941666666664,-71.11535333333333,27.8,325638.30334951053,4685468.176753025,19.0,T
1695769112625698838,59,1695769112624017715,,225719.0,GPS1_FRAME,42.301941666666664,-71.11535333333333,27.7,325638.30334951053,4685468.176753025,19.0,T
1695769114132298353,60,1695769114130726575,,225720.0,GPS1_FRAME,42.301941666666664,-71.11535333333333,27.7,325638.30334951053,4685468.176753025,19.0,T
1695769117145400233,61,1695769117143760919,,225721.0,GPS1_FRAME,42.301945,-71.115355,27.7,325638.1751672464,4685468.550308245,19.0,T
1695769118652044647,62,1695769118650516271,,225722.0,GPS1_FRAME,42.301946666666666,-71.11536333333333,27.6,325637.492848682,4685468.752454933,19.0,T
1695769120158785751,63,1695769120157064914,,225723.0,GPS1_FRAME,42.301948333333335,-71.115375,27.5,325636.5357624149,4685468.961432435,19.0,T
1695769121665244527,64,1695769121663570642,,225724.0,GPS1_FRAME,42.30195333333333,-71.11538333333333,27.4,325635.86264567944,4685469.533719163,19.0,T
1695769123171865436,65,1695769123170191287,,225725.0,GPS1_FRAME,42.30195666666667,-71.11539333333333,27.1,325635.04754430894,4685469.924351427,19.0,T
1695769126183274468,66,1695769126181556224,,225726.0,GPS1_FRAME,42.30196,-71.11540333333333,26.9,325634.23244302353,4685470.314983787,19.0,T
1695769127689720726,67,1695769127688039541,,225727.0,GPS1_FRAME,42.301961666666664,-71.11541333333334,26.6,325633.4127408853,4685470.520546302,19.0,T
1695769129196273227,68,1695769129194634675,,225728.0,GPS1_FRAME,42.301966666666665,-71.11542333333334,26.3,325632.60224071634,4685471.096248797,19.0,T
1695769130702900884,69,1695769130701123237,,225729.0,GPS1_FRAME,42.301968333333335,-71.11543666666667,25.7,325631.50777105347,4685471.308642455,19.0,T
1695769132209310206,70,1695769132207605361,,225730.0,GPS1_FRAME,42.30197,-71.11544833333333,25.3,325630.5506852718,4685471.517620789,19.0,T
1695769135220610481,71,1695769135218991756,,225731.0,GPS1_FRAME,42.301973333333336,-71.11545833333334,25.0,325629.73558439966,4685471.908253686,19.0,T
1695769136727280795,72,1695769136725488185,,225732.0,GPS1_FRAME,42.30197666666667,-71.11546666666666,24.7,325629.05786742835,4685472.295471154,19.0,T
1695769138233869160,73,1695769138232146501,,225733.0,GPS1_FRAME,42.30198166666667,-71.11547666666667,24.4,325628.247367803,4685472.871174169,19.0,T
1695769139740284546,74,1695769139738576412,,225734.0,GPS1_FRAME,42.301985,-71.11548666666667,24.2,325627.43226720724,4685473.261807343,19.0,T
1695769141246826263,75,1695769141245064973,,225735.0,GPS1_FRAME,42.30199,-71.11549666666667,24.1,325626.62176782463,4685473.837510555,19.0,T
1695769144258294166,76,1695769144256565332,,225736.0,GPS1_FRAME,42.301993333333336,-71.11550666666666,24.0,325625.80666742736,4685474.228143923,19.0,T
1695769145764410394,77,1695769145762727499,,225737.0,GPS1_FRAME,42.30199833333333,-71.11551666666666,23.8,325624.9961682855,4685474.803847331,19.0,T
1695769147271081014,78,1695769147269345760,,225738.0,GPS1_FRAME,42.30200333333333,-71.11552833333333,23.7,325624.048285521,4685475.382966462,19.0,T
1695769148777657892,79,1695769148775946855,,225739.0,GPS1_FRAME,42.302006666666664,-71.11554166666667,23.6,325622.9584179427,4685475.780431424,19.0,T
1695769150284172616,80,1695769150282469987,,225740.0,GPS1_FRAME,42.302013333333335,-71.115555,23.4,325621.87775298813,4685476.548036446,19.0,T
1695769153295919883,81,1695769153294043540,,225741.0,GPS1_FRAME,42.302018333333336,-71.11556666666667,23.2,325620.92987070436,4685477.127156015,19.0,T
1695769154802533780,82,1695769154800752878,,225742.0,GPS1_FRAME,42.30202333333333,-71.11557833333333,23.1,325619.98198857356,4685477.706275713,19.0,T
1695769156309004170,83,1695769156307321548,,225743.0,GPS1_FRAME,42.30202833333333,-71.11558833333333,23.1,325619.1714902939,4685478.2819798235,19.0,T
1695769157815588839,84,1695769157813830614,,225744.0,GPS1_FRAME,42.302033333333334,-71.11559833333334,23.1,325618.36099214794,4685478.857684032,19.0,T
1695769159322078196,85,1695769159320375204,,225745.0,GPS1_FRAME,42.302038333333336,-71.11561,23.0,325617.41311045474,4685479.436804093,19.0,T
1695769162333459369,86,1695769162331782817,,225746.0,GPS1_FRAME,42.30204166666667,-71.11562166666667,23.0,325616.4606275139,4685479.830854342,19.0,T
1695769163840013148,87,1695769163838360786,,225747.0,GPS1_FRAME,42.302045,-71.11563333333334,23.1,325615.5081446746,4685480.224904725,19.0,T
1695769165346640923,88,1695769165344951152,,225748.0,GPS1_FRAME,42.30204833333333,-71.115645,23.0,325614.55566193874,4685480.61895524,19.0,T
1695769166853202759,89,1695769166851504325,,225749.0,GPS1_FRAME,42.302051666666664,-71.115655,22.9,325613.74056295026,4685481.009590058,19.0,T
1695769168359751052,90,1695769168358087539,,225750.0,GPS1_FRAME,42.302056666666665,-71.115665,22.9,325612.93006554735,4685481.585294918,19.0,T
1695769171371391933,91,1695769171369585990,,225751.0,GPS1_FRAME,42.30206,-71.115675,22.9,325612.1149667573,4685481.975929931,19.0,T
1695769172878247501,92,1695769172876562356,,225752.0,GPS1_FRAME,42.302065,-71.115685,22.8,325611.304469593,4685482.551634987,19.0,T
1695769174384809578,93,1695769174383092403,,225753.0,GPS1_FRAME,42.30206666666667,-71.11569333333334,22.7,325610.62215305225,4685482.753784357,19.0,T
1695769175891420187,94,1695769175889712333,,225754.0,GPS1_FRAME,42.30207,-71.11570333333333,22.6,325609.80705451657,4685483.144419645,19.0,T
1695769177398103701,95,1695769177396297931,,225755.0,GPS1_FRAME,42.30207166666667,-71.11571333333333,22.6,325608.9873544631,4685483.349985086,19.0,T
1695769180409205065,96,1695769180407485246,,225756.0,GPS1_FRAME,42.302076666666665,-71.11572333333334,22.6,325608.1768577026,4685483.925690517,19.0,T
1695769181915684714,97,1695769181913936614,,225757.0,GPS1_FRAME,42.302081666666666,-71.11573166666666,22.5,325607.50374466105,4685484.497980092,19.0,T
1695769183422323345,98,1695769183420628786,,225758.0,GPS1_FRAME,42.30208666666667,-71.11574,22.7,325606.83063172514,4685485.0702697355,19.0,T
1695769184929070166,99,1695769184927323341,,225759.0,GPS1_FRAME,42.30209333333333,-71.11575,22.9,325606.0247370242,4685485.831045377,19.0,T
1695769186435665545,100,1695769186433866739,,225800.0,GPS1_FRAME,42.302096666666664,-71.11575833333333,22.8,325605.34702263627,4685486.218265221,19.0,T
1695769189447393500,101,1695769189445602893,,225801.0,GPS1_FRAME,42.3021,-71.11577,22.9,325604.3945412341,4685486.612317162,19.0,T
1695769190953958489,102,1695769190952230930,,225802.0,GPS1_FRAME,42.302105,-71.11578166666666,23.0,325603.4466616859,4685487.191439182,19.0,T
1695769192460553870,103,1695769192458835601,,225803.0,GPS1_FRAME,42.30211,-71.11579333333333,23.0,325602.4987822907,4685487.770561335,19.0,T
1695769193967173500,104,1695769193965390443,,225804.0,GPS1_FRAME,42.302115,-71.11580666666667,23.0,325601.41351953533,4685488.353099695,19.0,T
1695769195473757239,105,1695769195472060680,,225805.0,GPS1_FRAME,42.302123333333334,-71.11581666666666,23.0,325600.6122276243,4685489.298945941,19.0,T
1695769198485425696,106,1695769198483736515,,225806.0,GPS1_FRAME,42.302126666666666,-71.11583,23.3,325599.52236339357,4685489.696414656,19.0,T
1695769199992238001,107,1695769199990494966,,225807.0,GPS1_FRAME,42.302128333333336,-71.11584833333333,24.0,325598.01574694016,4685489.919062012,19.0,T
1695769201498952976,108,1695769201497126340,,225808.0,GPS1_FRAME,42.30213,-71.11586333333334,24.4,325596.78389752307,4685490.134877351,19.0,T
1695769203005457973,109,1695769203003778934,,225809.0,GPS1_FRAME,42.302135,-71.11587833333333,24.6,325595.5612521077,4685490.720832814,19.0,T
1695769204512184293,110,1695769204510482549,,225810.0,GPS1_FRAME,42.30214,-71.11589333333333,24.8,325594.3386068864,4685491.306788494,19.0,T
1695769207524398905,111,1695769207522670507,,225811.0,GPS1_FRAME,42.302141666666664,-71.11590666666666,25.0,325593.2441412495,4685491.519188253,19.0,T
1695769209031155673,112,1695769209029286146,,225812.0,GPS1_FRAME,42.302146666666665,-71.11592166666667,25.3,325592.02149634354,4685492.105144348,19.0,T
1695769210537763701,113,1695769210536099910,,225813.0,GPS1_FRAME,42.30215,-71.115935,25.5,325590.9316329757,4685492.502614427,19.0,T
1695769212044912647,114,1695769212043015480,,225814.0,GPS1_FRAME,42.302155,-71.11595,25.7,325589.7089884202,4685493.0885709375,19.0,T
1695769213551630426,115,1695769213549772262,,225815.0,GPS1_FRAME,42.30216,-71.11596333333334,25.9,325588.6237274733,4685493.671111336,19.0,T
1695769216563241196,116,1695769216561456441,,225816.0,GPS1_FRAME,42.302165,-71.11597666666667,25.9,325587.53846670105,4685494.25365191,19.0,T
1695769218069863214,117,1695769218068099737,,225817.0,GPS1_FRAME,42.302168333333334,-71.11599,25.9,325586.44860389363,4685494.651122704,19.0,T
1695769219576754754,118,1695769219575103759,,225818.0,GPS1_FRAME,42.302171666666666,-71.116005,25.9,325585.22135780624,4685495.052010066,19.0,T
1695769221083540033,119,1695769221081620693,,225819.0,GPS1_FRAME,42.30217833333333,-71.11602166666667,26.1,325583.86593303585,4685495.826453976,19.0,T
1695769222589869943,120,1695769222588219404,,225820.0,GPS1_FRAME,42.30218833333333,-71.11603833333334,26.4,325582.5197131982,4685496.971038065,19.0,T
1695769225601527587,121,1695769225599836826,,225821.0,GPS1_FRAME,42.302195,-71.11605333333333,26.5,325581.30167242524,4685497.742066041,19.0,T
1695769227108015819,122,1695769227106423616,,225822.0,GPS1_FRAME,42.3022,-71.11607,26.4,325579.941646197,4685498.331440785,19.0,T
1695769228614696969,123,1695769228612981081,,225823.0,GPS1_FRAME,42.30220333333333,-71.11608666666666,26.3,325578.5770177589,4685498.735745844,19.0,T
1695769230121282829,124,1695769230119652032,,225824.0,GPS1_FRAME,42.30220833333333,-71.11610333333333,26.3,325577.21699192934,4685499.325121131,19.0,T
1695769231627983496,125,1695769231626366376,,225825.0,GPS1_FRAME,42.302211666666665,-71.11612166666667,26.3,325575.7149805109,4685499.732843313,19.0,T
1695769234640691702,126,1695769234638933420,,225826.0,GPS1_FRAME,42.302215,-71.11613833333334,26.2,325574.35035254946,4685500.137149211,19.0,T
1695769236146879172,127,1695769236145222902,,225827.0,GPS1_FRAME,42.302215,-71.116155,26.1,325572.97651957755,4685500.171315467,19.0,T
1695769237653534443,128,1695769237651766777,,225828.0,GPS1_FRAME,42.302215,-71.11617166666667,26.0,325571.6026866042,4685500.205481993,19.0,T
1695769239159990428,129,1695769239158277273,,225829.0,GPS1_FRAME,42.30221,-71.11618833333333,25.8,325570.2150456805,4685499.684438921,19.0,T
1695769240666617563,130,1695769240664800405,,225830.0,GPS1_FRAME,42.30220666666666,-71.116205,25.5,325568.8320072243,4685499.34846607,19.0,T
1695769243678097913,131,1695769243676374197,,225831.0,GPS1_FRAME,42.30220666666666,-71.11622166666666,25.4,325567.45817406534,4685499.382633403,19.0,T
1695769245184612327,132,1695769245182893276,,225832.0,GPS1_FRAME,42.30220666666666,-71.11624,25.3,325565.9469575875,4685499.420217779,19.0,T
1695769246691072900,133,1695769246689372301,,225833.0,GPS1_FRAME,42.30220833333333,-71.11625666666667,25.2,325564.5777272236,4685499.639455636,19.0,T
1695769248197661440,134,1695769248195881128,,225834.0,GPS1_FRAME,42.30221,-71.11627333333334,25.1,325563.20849693083,4685499.858693762,19.0,T
1695769249704198612,135,1695769249702502727,,225835.0,GPS1_FRAME,42.302213333333334,-71.11629,25.0,325561.84386958054,4685500.2630021125,19.0,T
1695769252715821892,136,1695769252714070081,,225836.0,GPS1_FRAME,42.302216666666666,-71.116305,25.1,325560.61662567063,4685500.663893854,19.0,T
1695769254222368501,137,1695769254220644712,,225837.0,GPS1_FRAME,42.30222,-71.11631833333334,25.1,325559.52676517563,4685501.061368908,19.0,T
1695769255728760739,138,1695769255727134227,,225838.0,GPS1_FRAME,42.30222166666667,-71.11633333333333,25.1,325558.2949185526,4685501.277191103,19.0,T
1695769257235346894,139,1695769257233567476,,225839.0,GPS1_FRAME,42.302225,-71.11634666666667,25.0,325557.2050582671,4685501.674666525,19.0,T
1695769258741864947,140,1695769258740161895,,225840.0,GPS1_FRAME,42.30222666666667,-71.11636333333334,25.0,325555.8358285271,4685501.893906108,19.0,T
1695769261753470236,141,1695769261751705884,,225841.0,GPS1_FRAME,42.30223,-71.11638,25.0,325554.4712019269,4685502.298215919,19.0,T
1695769263260000655,142,1695769263258362293,,225842.0,GPS1_FRAME,42.302233333333334,-71.116395,25.0,325553.24395873165,4685502.699108973,19.0,T
1695769264766662354,143,1695769264764934301,,225843.0,GPS1_FRAME,42.302238333333335,-71.11641166666666,25.1,325551.88393555104,4685503.288489259,19.0,T
1695769266273411723,144,1695769266271675586,,225844.0,GPS1_FRAME,42.30224166666667,-71.11642666666667,25.2,325550.65669265186,4685503.689382775,19.0,T
1695769267780169454,145,1695769267778367519,,225845.0,GPS1_FRAME,42.30224333333334,-71.11644333333334,25.2,325549.2874634437,4685503.908623654,19.0,T
1695769270792184710,146,1695769270790240049,,225846.0,GPS1_FRAME,42.30224666666667,-71.11645833333333,25.2,325548.06022078305,4685504.309517631,19.0,T
1695769272298592886,147,1695769272296925783,,225847.0,GPS1_FRAME,42.30224833333333,-71.116475,25.2,325546.6909917504,4685504.528759024,19.0,T
1695769273805249315,148,1695769273803615331,,225848.0,GPS1_FRAME,42.30225,-71.11649,25.2,325545.45914601214,4685504.744583503,19.0,T
1695769275311834231,149,1695769275310202598,,225849.0,GPS1_FRAME,42.30225166666666,-71.11650666666667,25.3,325544.08991711866,4685504.963825409,19.0,T
1695769276819211077,150,1695769276817458629,,225850.0,GPS1_FRAME,42.302255,-71.11652333333333,25.4,325542.72529167926,4685505.368137546,19.0,T
1695769279831322191,151,1695769279829598665,,225851.0,GPS1_FRAME,42.302256666666665,-71.11653833333334,25.4,325541.4934461737,4685505.583962728,19.0,T
1695769281337919490,152,1695769281336224317,,225852.0,GPS1_FRAME,42.302258333333334,-71.11655333333333,25.3,325540.26160073467,4685505.799788132,19.0,T
1695769282844447821,153,1695769282842812299,,225853.0,GPS1_FRAME,42.30226,-71.11656833333333,25.3,325539.0297553579,4685506.015613753,19.0,T
1695769284351076178,154,1695769284349292755,,225854.0,GPS1_FRAME,42.302261666666666,-71.11658333333334,25.2,325537.7979100454,4685506.231439594,19.0,T
1695769285857579600,155,1695769285855827093,,225855.0,GPS1_FRAME,42.302265,-71.11659666666667,25.1,325536.7080515376,4685506.6289182585,19.0,T
1695769288869281626,156,1695769288867522239,,225856.0,GPS1_FRAME,42.30227166666667,-71.11661166666667,25.4,325535.49001711217,4685507.399954401,19.0,T
1695769290375832431,157,1695769290374182224,,225857.0,GPS1_FRAME,42.30227333333333,-71.11662666666666,25.4,325534.2581721225,4685507.615780873,19.0,T
1695769292383527240,158,1695769292381763696,,225858.0,GPS1_FRAME,42.30227166666667,-71.11664166666667,25.4,325533.0171199109,4685507.461467639,19.0,T
1695769293890124892,159,1695769293888379096,,225859.0,GPS1_FRAME,42.30227333333333,-71.116655,25.6,325531.9226581579,4685507.673877098,19.0,T
1695769295396637345,160,1695769295394947528,,225900.0,GPS1_FRAME,42.302275,-71.11666666666666,25.7,325530.9655796323,4685507.882869262,19.0,T
1695769298408239798,161,1695769298406499862,,225901.0,GPS1_FRAME,42.302276666666664,-71.11668166666666,25.8,325529.73373482376,4685508.098696535,19.0,T
1695769299914835317,162,1695769299913057088,,225902.0,GPS1_FRAME,42.302276666666664,-71.11669833333333,25.8,325528.3599031464,4685508.132871579,19.0,T
1695769301421427469,163,1695769301419699430,,225903.0,GPS1_FRAME,42.302275,-71.11671666666666,25.6,325526.8440844974,4685507.985394477,19.0,T
1695769302928061008,164,1695769302926354408,,225904.0,GPS1_FRAME,42.302275,-71.116735,25.6,325525.3328696101,4685508.022987663,19.0,T
1695769304434672217,165,1695769304432902097,,225905.0,GPS1_FRAME,42.302276666666664,-71.11675166666667,25.5,325523.96364177583,4685508.242233533,19.0,T
1695769307446300080,166,1695769307444597244,,225906.0,GPS1_FRAME,42.302278333333334,-71.11676833333334,25.5,325522.594414013,4685508.461479674,19.0,T
1695769308952875386,167,1695769308951153516,,225907.0,GPS1_FRAME,42.302278333333334,-71.116785,25.5,325521.2205823667,4685508.49565612,19.0,T
1695769310459680186,168,1695769310457888364,,225908.0,GPS1_FRAME,42.30228,-71.11680333333334,25.6,325519.71397154755,4685508.718320486,19.0,T
1695769311966263407,169,1695769311964579343,,225909.0,GPS1_FRAME,42.30228,-71.11682,25.6,325518.3401399346,4685508.752497498,19.0,T
1695769313472859917,170,1695769313471175432,,225910.0,GPS1_FRAME,42.302281666666666,-71.11683833333333,25.7,325516.83352923056,4685508.9751624875,19.0,T
1695769316484586751,171,1695769316482953071,,225911.0,GPS1_FRAME,42.302283333333335,-71.116855,25.8,325515.46430175833,4685509.19441003,19.0,T
1695769317991223059,172,1695769317989451408,,225912.0,GPS1_FRAME,42.30228666666667,-71.11687166666667,25.9,325514.0996784993,4685509.598727809,19.0,T
1695769319497142673,173,1695769319495450735,,225913.0,GPS1_FRAME,42.30229,-71.11688833333334,26.0,325512.7350553866,4685510.003045859,19.0,T
1695769321003766148,174,1695769321001966953,,225914.0,GPS1_FRAME,42.30229333333333,-71.116905,25.9,325511.3704324183,4685510.4073641775,19.0,T
1695769322510158399,175,1695769322508405208,,225915.0,GPS1_FRAME,42.3023,-71.11692166666667,25.9,325510.01501810225,4685511.181822703,19.0,T
1695769325521114562,176,1695769325519395112,,225916.0,GPS1_FRAME,42.302305,-71.11693833333334,26.1,325508.65499978646,4685511.771211532,19.0,T
1695769327027745935,177,1695769327025840282,,225917.0,GPS1_FRAME,42.302308333333336,-71.11694833333334,26.1,325507.83990976494,4685512.161858953,19.0,T
1695769328534853600,178,1695769328532959938,,225918.0,GPS1_FRAME,42.30230666666667,-71.116955,26.2,325507.2857730336,4685511.990460695,19.0,T
1695769330041332748,179,1695769330039574861,,225919.0,GPS1_FRAME,42.3023,-71.11695833333333,26.2,325506.99258948956,4685511.257016696,19.0,T
1695769331548057250,180,1695769331546240091,,225920.0,GPS1_FRAME,42.30229166666667,-71.11696166666667,26.3,325506.69480154506,4685510.338502742,19.0,T
1695769334559841501,181,1695769334558042287,,225921.0,GPS1_FRAME,42.302283333333335,-71.11696833333333,26.4,325506.12224722473,4685509.426824701,19.0,T
1695769336066320366,182,1695769336064674854,,225922.0,GPS1_FRAME,42.30227333333333,-71.11697666666667,26.3,325505.4077052164,4685508.333494705,19.0,T
1695769337572951670,183,1695769337571244001,,225923.0,GPS1_FRAME,42.302263333333336,-71.116985,26.4,325504.6931629953,4685507.240164775,19.0,T
1695769339079792006,184,1695769339078037977,,225924.0,GPS1_FRAME,42.30225333333333,-71.116995,26.3,325503.8412373393,4685506.150252909,19.0,T
1695769340586212240,185,1695769340584544658,,225925.0,GPS1_FRAME,42.30224333333334,-71.11700166666667,26.2,325503.2640779149,4685505.053505121,19.0,T
1695769343597802495,186,1695769343596082925,,225926.0,GPS1_FRAME,42.302231666666664,-71.117005,26.0,325502.9570804193,4685503.764851377,19.0,T
1695769345104650594,187,1695769345102893114,,225927.0,GPS1_FRAME,42.30222,-71.11700666666667,26.0,325502.78746612207,4685502.472779631,19.0,T
1695769346610955394,188,1695769346609174728,,225928.0,GPS1_FRAME,42.30220833333333,-71.11701166666667,25.7,325502.343085145,4685501.1875439305,19.0,T
1695769348117400947,189,1695769348115688085,,225929.0,GPS1_FRAME,42.30219666666667,-71.11701833333333,25.4,325501.761320679,4685499.905726286,19.0,T
1695769349623817825,190,1695769349622129440,,225930.0,GPS1_FRAME,42.302185,-71.11702666666666,25.0,325501.0421726456,4685498.627326735,19.0,T
1695769352635817324,191,1695769352634010076,,225931.0,GPS1_FRAME,42.302171666666666,-71.117035,24.8,325500.3184198757,4685497.163857286,19.0,T
1695769354142472150,192,1695769354140705585,,225932.0,GPS1_FRAME,42.30216,-71.11704333333333,24.6,325499.599271331,4685495.885457871,19.0,T
1695769355649978764,193,1695769355648257017,,225933.0,GPS1_FRAME,42.302148333333335,-71.11705166666667,24.5,325498.8801225372,4685494.607058525,19.0,T
1695769357156460870,194,1695769357154741287,,225934.0,GPS1_FRAME,42.30213666666667,-71.11706,24.2,325498.16097350046,4685493.328659247,19.0,T
1695769358662987936,195,1695769358661146640,,225935.0,GPS1_FRAME,42.302126666666666,-71.11706833333334,24.1,325497.4464287703,4685492.23533,19.0,T
1695769361674425593,196,1695769361672497034,,225936.0,GPS1_FRAME,42.302115,-71.11707833333334,24.1,325496.5898957324,4685490.960348987,19.0,T
1695769363180595936,197,1695769363178762674,,225937.0,GPS1_FRAME,42.30210666666667,-71.11708666666667,24.0,325495.87995513587,4685490.052089853,19.0,T
1695769364687485691,198,1695769364685474872,,225938.0,GPS1_FRAME,42.30209833333333,-71.11709333333333,23.9,325495.3073979217,4685489.140412633,19.0,T
1695769366194051600,199,1695769366192297697,,225939.0,GPS1_FRAME,42.30208833333333,-71.1171,23.8,325494.73023594014,4685488.04366549,19.0,T
1695769367700860843,200,1695769367698948621,,225940.0,GPS1_FRAME,42.302078333333334,-71.11710666666667,23.7,325494.15307378955,4685486.946918393,19.0,T
1695769370712459028,201,1695769370710626840,,225941.0,GPS1_FRAME,42.30206833333333,-71.11711333333334,23.6,325493.5759114699,4685485.850171341,19.0,T
1695769372219240099,202,1695769372217302799,,225942.0,GPS1_FRAME,42.302058333333335,-71.11712166666666,23.5,325492.86136533757,4685484.7568425285,19.0,T
1695769373725943805,203,1695769373724089860,,225943.0,GPS1_FRAME,42.30204833333333,-71.11712833333333,23.3,325492.284202658,4685483.660095573,19.0,T
1695769375233350775,204,1695769375231408834,,225944.0,GPS1_FRAME,42.302038333333336,-71.117135,23.2,325491.70703980926,4685482.563348662,19.0,T
1695769376740067243,205,1695769376738301992,,225945.0,GPS1_FRAME,42.30202666666667,-71.11714166666667,23.1,325491.12527208275,4685481.281531833,19.0,T
1695769379752421909,206,1695769379750496864,,225946.0,GPS1_FRAME,42.30201666666667,-71.11714833333333,22.9,325490.5481088844,4685480.184785009,19.0,T
1695769381259159234,207,1695769381257270097,,225947.0,GPS1_FRAME,42.302005,-71.117155,22.8,325489.96634078113,4685478.90296827,19.0,T
1695769382765839223,208,1695769382764221429,,225948.0,GPS1_FRAME,42.30199666666667,-71.11716166666666,22.8,325489.3937819784,4685477.991291495,19.0,T
1695769384272159084,209,1695769384270370483,,225949.0,GPS1_FRAME,42.301986666666664,-71.11716833333334,22.7,325488.8166182708,4685476.894544803,19.0,T
1695769385778982143,210,1695769385777138948,,225950.0,GPS1_FRAME,42.30197833333333,-71.117175,22.7,325488.24405917106,4685475.982868115,19.0,T
1695769388790376239,211,1695769388788456678,,225951.0,GPS1_FRAME,42.301968333333335,-71.11718333333333,22.8,325487.52951129887,4685474.88953981,19.0,T
1695769390297097795,212,1695769390295183181,,225952.0,GPS1_FRAME,42.30195833333333,-71.11719333333333,22.9,325486.67757934576,4685473.799629884,19.0,T
1695769391803653505,213,1695769391801888465,,225953.0,GPS1_FRAME,42.301948333333335,-71.11720333333334,22.9,325485.82564713614,4685472.709720054,19.0,T
1695769393310378623,214,1695769393308555603,,225954.0,GPS1_FRAME,42.30193833333333,-71.11721166666666,22.9,325485.11109858204,4685471.616391977,19.0,T
1695769394816872703,215,1695769394815176725,,225955.0,GPS1_FRAME,42.30192666666667,-71.11722,22.9,325484.39194494055,4685470.337994008,19.0,T
1695769397828485642,216,1695769397826672554,,225956.0,GPS1_FRAME,42.30191666666666,-71.11722833333333,23.0,325483.6773959438,4685469.244666067,19.0,T
1695769399335144296,217,1695769399333349466,,225957.0,GPS1_FRAME,42.301905,-71.11723833333333,23.0,325482.82085784466,4685467.969686619,19.0,T
1695769400841654130,218,1695769400840014219,,225958.0,GPS1_FRAME,42.301895,-71.11724666666667,23.0,325482.10630838125,4685466.8763588285,19.0,T
1695769402348341320,219,1695769402346659898,,225959.0,GPS1_FRAME,42.301883333333336,-71.11725666666666,23.0,325481.24976973445,4685465.60137956,19.0,T
1695769403854946391,220,1695769403853226184,,230000.0,GPS1_FRAME,42.30187333333333,-71.11726666666667,23.1,325480.39783575456,4685464.511470348,19.0,T
1695769406867493301,221,1695769406865600585,,230001.0,GPS1_FRAME,42.30186166666667,-71.11727666666667,23.1,325479.54129653017,4685463.236491274,19.0,T
1695769408374269078,222,1695769408372519016,,230002.0,GPS1_FRAME,42.30185,-71.11728833333333,23.2,325478.54737290926,4685461.964930764,19.0,T
1695769409880754609,223,1695769409879054069,,230003.0,GPS1_FRAME,42.30184,-71.11729833333334,23.2,325477.6954380965,4685460.87502186,19.0,T
1695769411387189143,224,1695769411385552167,,230004.0,GPS1_FRAME,42.30182833333333,-71.11730833333333,23.3,325476.83889797534,4685459.6000430975,19.0,T
1695769412893798301,225,1695769412892068147,,230005.0,GPS1_FRAME,42.30181833333334,-71.11732,23.4,325475.84957845893,4685458.513552903,19.0,T
1695769415905373705,226,1695769415903581142,,230006.0,GPS1_FRAME,42.301808333333334,-71.11733,23.4,325474.9976428362,4685457.423644308,19.0,T
1695769417411932532,227,1695769417410186052,,230007.0,GPS1_FRAME,42.30179666666667,-71.11734333333334,23.7,325473.8663333982,4685456.155502956,19.0,T
1695769418918412639,228,1695769418916675806,,230008.0,GPS1_FRAME,42.301788333333334,-71.11735666666667,23.7,325472.7442338732,4685455.257501693,19.0,T
1695769420424809327,229,1695769420423125982,,230009.0,GPS1_FRAME,42.30177833333333,-71.11737,23.8,325471.61752887676,4685454.174430644,19.0,T
1695769421931491488,230,1695769421929742097,,230010.0,GPS1_FRAME,42.30177,-71.11738333333334,23.8,325470.4954287464,4685453.276429726,19.0,T
1695769424943531992,231,1695769424941702365,,230011.0,GPS1_FRAME,42.301761666666664,-71.117395,23.8,325469.5107126246,4685452.375010339,19.0,T
1695769426449872947,232,1695769426448256969,,230012.0,GPS1_FRAME,42.30175166666667,-71.11740666666667,23.8,325468.52139099257,4685451.288521127,19.0,T
1695769427957164334,233,1695769427955470323,,230013.0,GPS1_FRAME,42.301741666666665,-71.11741833333333,23.8,325467.5320690583,4685450.202032046,19.0,T
1695769429463678028,234,1695769429461904287,,230014.0,GPS1_FRAME,42.30173166666667,-71.11743166666666,23.8,325466.40536246425,4685449.118961794,19.0,T
1695769430970228198,235,1695769430968484163,,230015.0,GPS1_FRAME,42.301723333333335,-71.11744333333333,23.8,325465.42064524617,4685448.217542954,19.0,T
1695769433982581111,236,1695769433980676889,,230016.0,GPS1_FRAME,42.30171333333333,-71.11745666666667,23.8,325464.2939380123,4685447.134473026,19.0,T
1695769435489248815,237,1695769435487456560,,230017.0,GPS1_FRAME,42.301705,-71.11747,23.7,325463.1718358336,4685446.236473224,19.0,T
1695769436996005112,238,1695769436994334220,,230018.0,GPS1_FRAME,42.301696666666665,-71.11748333333334,23.5,325462.0497333631,4685445.338473596,19.0,T
1695769438503401408,239,1695769438501578569,,230019.0,GPS1_FRAME,42.30168833333333,-71.11749833333333,23.4,325460.79024615284,4685444.443892942,19.0,T
1695769440010983434,240,1695769440009005546,,230020.0,GPS1_FRAME,42.30168,-71.11751333333333,23.4,325459.5307586165,4685443.549312507,19.0,T
1695769443022299527,241,1695769443020444154,,230021.0,GPS1_FRAME,42.30167333333333,-71.11752666666666,23.4,325458.4132607646,4685442.836383393,19.0,T
1695769444529049620,242,1695769444527159452,,230022.0,GPS1_FRAME,42.30166666666667,-71.11754166666667,23.5,325457.1583781779,4685442.126873326,19.0,T
1695769446035577200,243,1695769446033793210,,230023.0,GPS1_FRAME,42.301658333333336,-71.11755666666667,23.5,325455.8988897515,4685441.232293518,19.0,T
1695769447542201493,244,1695769447540407180,,230024.0,GPS1_FRAME,42.30165,-71.11757166666666,23.6,325454.6394010033,4685440.337713929,19.0,T
1695769449048867672,245,1695769449047011137,,230025.0,GPS1_FRAME,42.30164333333333,-71.11758666666667,23.7,325453.38451757235,4685439.628204512,19.0,T
1695769452060849808,246,1695769452058956861,,230026.0,GPS1_FRAME,42.30163666666667,-71.117605,23.6,325451.8548647457,4685438.92553326,19.0,T
1695769453567406521,247,1695769453565611600,,230027.0,GPS1_FRAME,42.301631666666665,-71.11762166666666,23.5,325450.4672019015,4685438.404513286,19.0,T
1695769455074051527,248,1695769455072331190,,230028.0,GPS1_FRAME,42.30162833333333,-71.11764,23.4,325448.94676000567,4685438.071982569,19.0,T
1695769456580501718,249,1695769456578783035,,230029.0,GPS1_FRAME,42.30162333333333,-71.11766,23.6,325447.2843275539,4685437.557801283,19.0,T
1695769458087110676,250,1695769458085214138,,230030.0,GPS1_FRAME,42.30161666666667,-71.11767666666667,23.7,325445.89205822186,4685436.85171224,19.0,T
1695769461098703932,251,1695769461096791028,,230031.0,GPS1_FRAME,42.301611666666666,-71.117695,23.8,325444.36700985034,4685436.33411254,19.0,T
1695769462605180777,252,1695769462603425264,,230032.0,GPS1_FRAME,42.301606666666665,-71.11771333333333,24.1,325442.8419612369,4685435.816513166,19.0,T
1695769464111666839,253,1695769464109902143,,230033.0,GPS1_FRAME,42.301605,-71.11773333333333,24.1,325441.1887396569,4685435.672473213,19.0,T
1695769465618160264,254,1695769465616430759,,230034.0,GPS1_FRAME,42.3016,-71.11775166666666,24.1,325439.66369063366,4685435.154874519,19.0,T
1695769467124416506,255,1695769467122754812,,230035.0,GPS1_FRAME,42.30159666666667,-71.11777,24.2,325438.1432474069,4685434.822346108,19.0,T
1695769470135888096,256,1695769470134080886,,230036.0,GPS1_FRAME,42.30159333333334,-71.11778333333334,23.9,325437.03495801263,4685434.479560217,19.0,T
1695769471642405573,257,1695769471640666961,,230037.0,GPS1_FRAME,42.30159333333334,-71.11780166666667,23.6,325435.5237267047,4685434.517172282,19.0,T
1695769473148958588,258,1695769473147250413,,230038.0,GPS1_FRAME,42.30159333333334,-71.11782166666667,23.7,325433.8751107248,4685434.558203997,19.0,T
1695769474655649321,259,1695769474653866052,,230039.0,GPS1_FRAME,42.30159166666667,-71.11783833333334,23.6,325432.4966578885,4685434.407327429,19.0,T
1695769476161992616,260,1695769476160331010,,230040.0,GPS1_FRAME,42.30159,-71.11785666666667,23.8,325430.98082030675,4685434.259870514,19.0,T
1695769479173735030,261,1695769479172013998,,230041.0,GPS1_FRAME,42.301586666666665,-71.11787333333334,23.8,325429.5977610543,4685433.923924555,19.0,T
1695769480680289015,262,1695769480678672790,,230042.0,GPS1_FRAME,42.301585,-71.11789,23.8,325428.21930795664,4685433.773048825,19.0,T
1695769482187009993,263,1695769482185217380,,230043.0,GPS1_FRAME,42.301581666666664,-71.11790666666667,23.8,325426.8362484502,4685433.437103402,19.0,T
1695769483693540107,264,1695769483691805839,,230044.0,GPS1_FRAME,42.30157833333333,-71.11792333333334,23.8,325425.45318879804,4685433.10115825,19.0,T
1695769485199900736,265,1695769485198320865,,230045.0,GPS1_FRAME,42.30157666666667,-71.11794,23.6,325424.07473540655,4685432.950283326,19.0,T
1695769488211672476,266,1695769488209831237,,230046.0,GPS1_FRAME,42.301575,-71.11795666666667,23.5,325422.69628194114,4685432.79940867,19.0,T
1695769489718254679,267,1695769489716522932,,230047.0,GPS1_FRAME,42.30157333333333,-71.11797333333334,23.5,325421.31782840204,4685432.648534283,19.0,T
1695769491224901049,268,1695769491223269939,,230048.0,GPS1_FRAME,42.30157333333333,-71.11799166666667,23.6,325419.8065965953,4685432.686149723,19.0,T
1695769492731572506,269,1695769492729750871,,230049.0,GPS1_FRAME,42.30157166666667,-71.11801,23.6,325418.29075822816,4685432.53869553,19.0,T
1695769494238199545,270,1695769494236459732,,230050.0,GPS1_FRAME,42.30157166666667,-71.11802833333333,23.6,325416.77952637605,4685432.576311621,19.0,T
1695769497251138806,271,1695769497249292373,,230051.0,GPS1_FRAME,42.30157,-71.118045,23.5,325415.4010726025,4685432.425438392,19.0,T
1695769498758073577,272,1695769498756387472,,230052.0,GPS1_FRAME,42.30157,-71.11806166666666,23.4,325414.02722542617,4685432.459635391,19.0,T
1695769500264689197,273,1695769500262989282,,230053.0,GPS1_FRAME,42.301568333333336,-71.11808,23.4,325412.51138681837,4685432.31218244,19.0,T
1695769501771189863,274,1695769501769441604,,230054.0,GPS1_FRAME,42.301568333333336,-71.11809833333334,23.2,325411.00015487993,4685432.349799776,19.0,T
1695769503277882292,275,1695769503276087045,,230055.0,GPS1_FRAME,42.301566666666666,-71.118115,23.2,325409.6217008758,4685432.198927676,19.0,T
1695769506290912925,276,1695769506288942098,,230056.0,GPS1_FRAME,42.301566666666666,-71.11813333333333,23.1,325408.1104688963,4685432.236545634,19.0,T
1695769507797421504,277,1695769507795699119,,230057.0,GPS1_FRAME,42.301565,-71.11815166666666,23.0,325406.5946300483,4685432.089093956,19.0,T
1695769509304021684,278,1695769509302305459,,230058.0,GPS1_FRAME,42.301565,-71.11816666666667,22.6,325405.3581674828,4685432.119872794,19.0,T
1695769510810567039,279,1695769510808789730,,230059.0,GPS1_FRAME,42.301563333333334,-71.11818,22.2,325404.2544827187,4685431.962161985,19.0,T
1695769512317894651,280,1695769512316047191,,230100.0,GPS1_FRAME,42.301561666666665,-71.11819666666666,22.1,325402.87602842145,4685431.811291204,19.0,T
1695769515331048213,281,1695769515329154253,,230101.0,GPS1_FRAME,42.301561666666665,-71.118215,22.0,325401.3647963125,4685431.848910612,19.0,T
1695769516837664302,282,1695769516835811853,,230102.0,GPS1_FRAME,42.301561666666665,-71.11823333333334,21.9,325399.85356420185,4685431.886530347,19.0,T
1695769518344205126,283,1695769518342453002,,230103.0,GPS1_FRAME,42.30156,-71.11825,21.8,325398.4751097477,4685431.735660428,19.0,T
1695769519850719161,284,1695769519848986387,,230104.0,GPS1_FRAME,42.30156,-71.11826833333333,21.8,325396.963877596,4685431.773280785,19.0,T
1695769521358342392,285,1695769521356548786,,230105.0,GPS1_FRAME,42.30156,-71.11828666666666,21.8,325395.45264544256,4685431.810901469,19.0,T
1695769524370665079,286,1695769524368800878,,230106.0,GPS1_FRAME,42.30155833333333,-71.118305,21.8,325393.93680608534,4685431.663452514,19.0,T
1695769525877103471,287,1695769525875341892,,230107.0,GPS1_FRAME,42.30155833333333,-71.11832166666667,21.7,325392.56295863306,4685431.697653715,19.0,T
1695769527384145885,288,1695769527382430315,,230108.0,GPS1_FRAME,42.30155666666667,-71.11834,21.7,325391.04711915663,4685431.550205384,19.0,T
1695769528890654140,289,1695769528888879060,,230109.0,GPS1_FRAME,42.301555,-71.11835666666667,21.6,325389.66866435285,4685431.3993371865,19.0,T
1695769530397527385,290,1695769530395800352,,230110.0,GPS1_FRAME,42.30155333333333,-71.118375,21.6,325388.15282471955,4685431.251889476,19.0,T
1695769533410297951,291,1695769533408523321,,230111.0,GPS1_FRAME,42.30155333333333,-71.11839333333333,21.7,325386.64159239654,4685431.289512054,19.0,T
1695769534916833544,292,1695769534915154933,,230112.0,GPS1_FRAME,42.30155166666667,-71.11841,21.7,325385.2631373999,4685431.138644719,19.0,T
1695769536423531789,293,1695769536421767711,,230113.0,GPS1_FRAME,42.30155,-71.11842833333333,21.8,325383.7472975638,4685430.991197956,19.0,T
1695769537929898052,294,1695769537928323268,,230114.0,GPS1_FRAME,42.301548333333336,-71.118445,21.8,325382.36884241574,4685430.840331185,19.0,T
1695769539436469043,295,1695769539434728145,,230115.0,GPS1_FRAME,42.30154666666667,-71.11846166666666,21.8,325380.99038719386,4685430.689464683,19.0,T
1695769542448793756,296,1695769542447008609,,230116.0,GPS1_FRAME,42.301545,-71.11847666666667,21.8,325379.74931667297,4685430.535178063,19.0,T
1695769543956403947,297,1695769543954665422,,230117.0,GPS1_FRAME,42.301541666666665,-71.11849166666667,21.9,325378.5036384808,4685430.1958217,19.0,T
1695769545463436669,298,1695769545461729049,,230118.0,GPS1_FRAME,42.30153833333333,-71.11850666666666,21.8,325377.2579601596,4685429.856465553,19.0,T
1695769546970111357,299,1695769546968353509,,230119.0,GPS1_FRAME,42.301535,-71.11852166666667,21.6,325376.0122817051,4685429.517109624,19.0,T
1695769548477102349,300,1695769548475289106,,230120.0,GPS1_FRAME,42.30153,-71.11853666666667,21.6,325374.76199541765,4685428.99268395,19.0,T
1695769551488766087,301,1695769551487016439,,230121.0,GPS1_FRAME,42.30152833333333,-71.11855333333334,21.5,325373.38353959087,4685428.841818927,19.0,T
1695769552995460744,302,1695769552993648290,,230122.0,GPS1_FRAME,42.30152666666667,-71.11856833333333,21.5,325372.14246850787,4685428.687533639,19.0,T
1695769554501933177,303,1695769554500192880,,230123.0,GPS1_FRAME,42.301525,-71.118585,21.6,325370.7640125372,4685428.536669127,19.0,T
1695769556008573633,304,1695769556006870269,,230124.0,GPS1_FRAME,42.301521666666666,-71.11860166666666,21.8,325369.38094865007,4685428.200734919,19.0,T
1695769557515146406,305,1695769557513448953,,230125.0,GPS1_FRAME,42.30152,-71.11861833333333,21.9,325368.0024924956,4685428.0498709455,19.0,T
1695769560526829208,306,1695769560525015592,,230126.0,GPS1_FRAME,42.301516666666664,-71.11863333333334,22.0,325366.7568131904,4685427.710516638,19.0,T
1695769562033435394,307,1695769562031690359,,230127.0,GPS1_FRAME,42.301515,-71.11865,22.1,325365.3783568538,4685427.559653175,19.0,T
1695769563540098569,308,1695769563538403511,,230128.0,GPS1_FRAME,42.30151166666667,-71.11866666666667,22.3,325363.9952924622,4685427.223720015,19.0,T
1695769565046812464,309,1695769565045104026,,230129.0,GPS1_FRAME,42.30150833333333,-71.11868333333334,22.4,325362.61222792463,4685426.887787124,19.0,T
1695769566553448090,310,1695769566551684856,,230130.0,GPS1_FRAME,42.30150666666667,-71.1187,22.6,325361.23377129633,4685426.73692447,19.0,T
1695769569565247216,311,1695769569563392400,,230131.0,GPS1_FRAME,42.301505,-71.118715,22.6,325359.99269946024,4685426.582641312,19.0,T
1695769571072028285,312,1695769571070110559,,230132.0,GPS1_FRAME,42.30150166666667,-71.11873,22.7,325358.7470194375,4685426.243288408,19.0,T
1695769572578761107,313,1695769572576857805,,230133.0,GPS1_FRAME,42.3015,-71.11874333333333,22.7,325357.64333230926,4685426.085584871,19.0,T
1695769574085342018,314,1695769574083562135,,230134.0,GPS1_FRAME,42.301496666666665,-71.11875833333333,22.8,325356.397652064,4685425.746232376,19.0,T
1695769575592762947,315,1695769575590610980,,230135.0,GPS1_FRAME,42.30149333333333,-71.11877333333334,22.8,325355.15197168326,4685425.406880101,19.0,T
1695769578604783657,316,1695769578602959394,,230136.0,GPS1_FRAME,42.30149,-71.11878833333333,22.6,325353.90629117563,4685425.067528044,19.0,T
1695769580111473284,317,1695769580109635829,,230137.0,GPS1_FRAME,42.30148666666667,-71.11880333333333,22.6,325352.6606105368,4685424.7281762045,19.0,T
1695769581618048358,318,1695769581616253376,,230138.0,GPS1_FRAME,42.30148166666667,-71.11881833333334,22.5,325351.41032145184,4685424.203754614,19.0,T
1695769583124584346,319,1695769583122864961,,230139.0,GPS1_FRAME,42.301476666666666,-71.11883333333333,22.6,325350.16003217525,4685423.6793332435,19.0,T
1695769584631424263,320,1695769584629584550,,230140.0,GPS1_FRAME,42.301471666666664,-71.11884833333333,22.6,325348.90974270296,4685423.15491209,19.0,T
1695769587643302896,321,1695769587641429662,,230141.0,GPS1_FRAME,42.30146666666667,-71.11886166666666,22.1,325347.79683798144,4685422.6270701485,19.0,T
1695769589149920722,322,1695769589148146152,,230142.0,GPS1_FRAME,42.30146166666667,-71.118875,22.0,325346.68393308617,4685422.099228377,19.0,T
1695769590656249027,323,1695769590654589176,,230143.0,GPS1_FRAME,42.301455,-71.11889,21.9,325345.42903458414,4685421.389737863,19.0,T
1695769592162883316,324,1695769592161114454,,230144.0,GPS1_FRAME,42.30145,-71.118905,21.8,325344.17874431866,4685420.865317533,19.0,T
1695769593669167701,325,1695769593667337894,,230145.0,GPS1_FRAME,42.301445,-71.11892,21.8,325342.92845385324,4685420.3408974195,19.0,T
1695769596680410640,326,1695769596678579092,,230146.0,GPS1_FRAME,42.30144166666667,-71.11893666666667,21.9,325341.5453867515,4685420.004968615,19.0,T
1695769598186712114,327,1695769598185066938,,230147.0,GPS1_FRAME,42.30143666666667,-71.11895333333334,21.9,325340.1577109031,4685419.48397011,19.0,T
1695769599693117187,328,1695769599691460132,,230148.0,GPS1_FRAME,42.301431666666666,-71.11897,21.9,325338.7700348369,4685418.962971876,19.0,T
1695769601199909427,329,1695769601198109388,,230149.0,GPS1_FRAME,42.301426666666664,-71.11898666666667,21.9,325337.3823585529,4685418.441973911,19.0,T
1695769602706394352,330,1695769602704699039,,230150.0,GPS1_FRAME,42.30142,-71.11900166666666,21.8,325336.1274583966,4685417.732485017,19.0,T
1695769605718167128,331,1695769605716420173,,230151.0,GPS1_FRAME,42.301413333333336,-71.11901666666667,21.8,325334.87255797815,4685417.022996338,19.0,T
1695769607224771185,332,1695769607223075866,,230152.0,GPS1_FRAME,42.30141,-71.11903,21.8,325333.7642599124,4685416.680226533,19.0,T
1695769608730924120,333,1695769608729215860,,230153.0,GPS1_FRAME,42.30140333333333,-71.11904166666666,21.7,325332.7841292309,4685415.96389567,19.0,T
1695769610237166004,334,1695769610235439300,,230154.0,GPS1_FRAME,42.30139666666667,-71.11905333333333,21.7,325331.8039983477,4685415.24756494,19.0,T
1695769611743793405,335,1695769611742115259,,230155.0,GPS1_FRAME,42.30139,-71.119065,21.8,325330.8238672631,4685414.531234338,19.0,T
1695769614755602084,336,1695769614753756523,,230156.0,GPS1_FRAME,42.301383333333334,-71.11907666666667,21.9,325329.84373597696,4685413.814903871,19.0,T
1695769616262249748,337,1695769616260468482,,230157.0,GPS1_FRAME,42.30137833333333,-71.11909,21.9,325328.7308282357,4685413.287064873,19.0,T
1695769617768821837,338,1695769617767115831,,230158.0,GPS1_FRAME,42.30137166666667,-71.11910166666667,21.9,325327.75069655874,4685412.570734688,19.0,T
1695769619275488851,339,1695769619273751974,,230159.0,GPS1_FRAME,42.301365,-71.11911333333333,22.0,325326.77056467824,4685411.854404634,19.0,T
1695769620782071846,340,1695769620780319452,,230200.0,GPS1_FRAME,42.30136,-71.119125,22.1,325325.79504156363,4685411.323144677,19.0,T
1695769623793150791,341,1695769623791405200,,230201.0,GPS1_FRAME,42.30135333333333,-71.11913666666666,22.2,325324.8149093049,4685410.606814887,19.0,T
1695769625299873506,342,1695769625297929286,,230202.0,GPS1_FRAME,42.30134666666667,-71.11914666666667,22.1,325323.9721620589,4685409.887063761,19.0,T
1695769626806659661,343,1695769626804809331,,230203.0,GPS1_FRAME,42.30134,-71.11915833333333,22.2,325322.99202941183,4685409.170734215,19.0,T
1695769628313309107,344,1695769628311503171,,230204.0,GPS1_FRAME,42.30133333333333,-71.11917,22.2,325322.011896563,4685408.454404799,19.0,T
1695769629819902325,345,1695769629818163394,,230205.0,GPS1_FRAME,42.30132666666667,-71.11918,22.2,325321.16914876894,4685407.734653999,19.0,T
1695769632832286533,346,1695769632830447673,,230206.0,GPS1_FRAME,42.30132,-71.11919333333333,22.3,325320.05163026106,4685407.021746367,19.0,T
1695769634339848358,347,1695769634337942361,,230207.0,GPS1_FRAME,42.30131333333333,-71.119205,22.4,325319.0714968078,4685406.305417348,19.0,T
1695769635847037659,348,1695769635845072269,,230208.0,GPS1_FRAME,42.301305,-71.119215,22.4,325318.22413929633,4685405.400596918,19.0,T
1695769637353936067,349,1695769637352218627,,230209.0,GPS1_FRAME,42.301298333333335,-71.11922833333334,22.6,325317.10662010947,4685404.687689737,19.0,T
1695769638860641632,350,1695769638858991384,,230210.0,GPS1_FRAME,42.301291666666664,-71.11924,22.6,325316.1264860268,4685403.971361114,19.0,T
1695769641873325423,351,1695769641871510744,,230211.0,GPS1_FRAME,42.301285,-71.11925166666667,22.7,325315.1463517426,4685403.25503262,19.0,T
1695769643380516043,352,1695769643378753900,,230212.0,GPS1_FRAME,42.301278333333336,-71.11926333333334,22.9,325314.1662172569,4685402.53870426,19.0,T
1695769644887489741,353,1695769644885693788,,230213.0,GPS1_FRAME,42.30127,-71.119275,22.9,325313.18147328566,4685401.637306065,19.0,T
1695769646393922647,354,1695769646392347812,,230214.0,GPS1_FRAME,42.30126333333333,-71.11928666666667,22.9,325312.2013383721,4685400.920977966,19.0,T
1695769647900746320,355,1695769647898932218,,230215.0,GPS1_FRAME,42.30125833333334,-71.1193,22.9,325311.0884271869,4685400.393141677,19.0,T
1695769650912777815,356,1695769650910948276,,230216.0,GPS1_FRAME,42.301251666666666,-71.11931333333334,23.0,325309.97090645786,4685399.680235592,19.0,T
1695769652419762501,357,1695769652417690038,,230217.0,GPS1_FRAME,42.301245,-71.11932666666667,23.3,325308.85338550224,4685398.967329681,19.0,T
1695769653926647959,358,1695769653924925327,,230218.0,GPS1_FRAME,42.30123833333333,-71.11933833333333,23.4,325307.87324976356,4685398.2510021655,19.0,T
1695769655433485613,359,1695769655431597471,,230219.0,GPS1_FRAME,42.301231666666666,-71.11935166666666,23.5,325306.7557283569,4685397.538096576,19.0,T
1695769656940525628,360,1695769656938820362,,230220.0,GPS1_FRAME,42.301226666666665,-71.11936666666666,23.6,325305.50543072424,4685397.013682939,19.0,T
1695769659952140977,361,1695769659950299024,,230221.0,GPS1_FRAME,42.30122,-71.11938166666667,23.8,325304.2505233777,4685396.304199557,19.0,T
1695769661459048517,362,1695769661457159757,,230222.0,GPS1_FRAME,42.301215,-71.119395,23.8,325303.13761082443,4685395.77636449,19.0,T
1695769662965402866,363,1695769662963742971,,230223.0,GPS1_FRAME,42.301208333333335,-71.11940833333334,23.7,325302.0200885223,4685395.063459631,19.0,T
1695769664472179588,364,1695769664470535516,,230224.0,GPS1_FRAME,42.30120333333333,-71.119425,23.8,325300.6324045354,4685394.542468728,19.0,T
1695769665979064604,365,1695769665977310419,,230225.0,GPS1_FRAME,42.30119666666667,-71.11944,23.9,325299.3774962317,4685393.832986191,19.0,T
1695769668990558355,366,1695769668988755941,,230226.0,GPS1_FRAME,42.30119166666667,-71.119455,23.9,325298.1271973368,4685393.308573836,19.0,T
1695769670496968774,367,1695769670495219707,,230227.0,GPS1_FRAME,42.301186666666666,-71.11947,23.9,325296.8768982461,4685392.7841617,19.0,T
1695769672003808772,368,1695769672002093076,,230228.0,GPS1_FRAME,42.30118,-71.119485,23.9,325295.62198922643,4685392.074679816,19.0,T
1695769673510612502,369,1695769673508772134,,230229.0,GPS1_FRAME,42.301175,-71.1195,24.0,325294.37168971205,4685391.550268114,19.0,T
1695769675017389476,370,1695769675015385866,,230230.0,GPS1_FRAME,42.30117,-71.119515,24.0,325293.1213900019,4685391.025856628,19.0,T
1695769678029461466,371,1695769678027498722,,230231.0,GPS1_FRAME,42.301165,-71.11953166666666,24.0,325291.7337044849,4685390.504867446,19.0,T
1695769679536375982,372,1695769679534454584,,230232.0,GPS1_FRAME,42.301163333333335,-71.11954833333333,24.1,325290.3552384933,4685390.354018463,19.0,T
1695769681042970670,373,1695769681041198253,,230233.0,GPS1_FRAME,42.301161666666665,-71.11956666666667,24.1,325288.8393868072,4685390.206591886,19.0,T
1695769682549308858,374,1695769682547449350,,230234.0,GPS1_FRAME,42.301161666666665,-71.11958333333334,24.1,325287.4655306118,4685390.240813432,19.0,T
1695769684055849081,375,1695769684054120779,,230235.0,GPS1_FRAME,42.30116,-71.1196,24.1,325286.087064431,4685390.089965283,19.0,T
1695769687067681136,376,1695769687065719842,,230236.0,GPS1_FRAME,42.30116,-71.11961666666667,24.1,325284.7132081965,4685390.124187367,19.0,T
1695769688574290666,377,1695769688572534322,,230237.0,GPS1_FRAME,42.30116,-71.11963166666666,24.0,325283.4767375855,4685390.154987474,19.0,T
1695769690080745004,378,1695769690078891515,,230238.0,GPS1_FRAME,42.301161666666665,-71.119645,24.1,325282.38226267614,4685390.367435495,19.0,T
1695769691587356679,379,1695769691585601091,,230239.0,GPS1_FRAME,42.301161666666665,-71.11965833333333,24.1,325281.28317771514,4685390.394813723,19.0,T
1695769693094081186,380,1695769693092285871,,230240.0,GPS1_FRAME,42.301161666666665,-71.11967166666666,24.1,325280.1840927531,4685390.422192125,19.0,T
1695769696105775217,381,1695769696104015111,,230241.0,GPS1_FRAME,42.301161666666665,-71.119685,24.1,325279.08500778815,4685390.449570697,19.0,T
1695769697612447647,382,1695769697610739469,,230242.0,GPS1_FRAME,42.301161666666665,-71.11969833333333,24.1,325277.98592282645,4685390.476949442,19.0,T
1695769699119357888,383,1695769699117484331,,230243.0,GPS1_FRAME,42.301163333333335,-71.11971166666666,24.1,325276.8914480868,4685390.689398329,19.0,T
1695769700626003991,384,1695769700624217748,,230244.0,GPS1_FRAME,42.301163333333335,-71.119725,24.1,325275.7923631503,4685390.716777419,19.0,T
1695769702132540120,385,1695769702130876302,,230245.0,GPS1_FRAME,42.301165,-71.11973666666667,24.1,325274.83527411113,4685390.925804231,19.0,T
1695769705144758346,386,1695769705142940521,,230246.0,GPS1_FRAME,42.30116666666667,-71.11975,24.1,325273.74079951295,4685391.138253613,19.0,T
1695769706651433961,387,1695769706649652242,,230247.0,GPS1_FRAME,42.30116666666667,-71.11976166666666,24.1,325272.7791002412,4685391.162210741,19.0,T
1695769708158266263,388,1695769708156543016,,230248.0,GPS1_FRAME,42.30116833333334,-71.11977333333333,24.1,325271.82201133075,4685391.37123797,19.0,T
1695769709665053238,389,1695769709663190126,,230249.0,GPS1_FRAME,42.30117,-71.11978666666667,24.1,325270.7275368661,4685391.583687825,19.0,T
1695769711171916623,390,1695769711170156240,,230250.0,GPS1_FRAME,42.30117333333333,-71.1198,24.1,325269.63767288346,4685391.9812078215,19.0,T
1695769714183522125,391,1695769714181663036,,230251.0,GPS1_FRAME,42.30117666666666,-71.11981166666666,24.1,325268.6851946026,4685392.375305454,19.0,T
1695769715690076050,392,1695769715688349485,,230252.0,GPS1_FRAME,42.30117833333333,-71.11982333333333,24.1,325267.7281059514,4685392.584333252,19.0,T
1695769717196721354,393,1695769717194994211,,230253.0,GPS1_FRAME,42.30117833333333,-71.119835,24.1,325266.7664068531,4685392.608291212,19.0,T
1695769718703360640,394,1695769718701582431,,230254.0,GPS1_FRAME,42.30118,-71.119845,24.1,325265.94670386007,4685392.813896677,19.0,T
1695769720210008472,395,1695769720208255052,,230255.0,GPS1_FRAME,42.301183333333334,-71.119855,24.1,325265.13161144906,4685393.204572212,19.0,T
1695769723221472503,396,1695769723219822645,,230256.0,GPS1_FRAME,42.301186666666666,-71.119865,24.1,325264.31651912536,4685393.595247844,19.0,T
1695769724728625439,397,1695769724726940155,,230257.0,GPS1_FRAME,42.30119,-71.11987666666667,24.2,325263.36404132925,4685393.9893462155,19.0,T
1695769726235564363,398,1695769726233769416,,230258.0,GPS1_FRAME,42.30119333333333,-71.11988833333334,24.2,325262.41156363674,4685394.383444718,19.0,T
1695769727742243800,399,1695769727740549325,,230259.0,GPS1_FRAME,42.30119833333333,-71.1199,24.2,325261.463696684,4685394.962613324,19.0,T
1695769729248748174,400,1695769729247114181,,230300.0,GPS1_FRAME,42.30120333333333,-71.11991166666667,24.2,325260.51582988433,4685395.541782063,19.0,T
1695769732259980601,401,1695769732258197546,,230301.0,GPS1_FRAME,42.301208333333335,-71.11992333333333,24.2,325259.56796323985,4685396.120950936,19.0,T
1695769733766509724,402,1695769733764741897,,230302.0,GPS1_FRAME,42.30121333333334,-71.119935,24.2,325258.62009674625,4685396.7001199415,19.0,T
1695769735273009326,403,1695769735271345853,,230303.0,GPS1_FRAME,42.30122,-71.11994833333334,24.4,325257.5394556528,4685397.46778181,19.0,T
1695769736780431907,404,1695769736778662919,,230304.0,GPS1_FRAME,42.301226666666665,-71.11995833333333,24.3,325256.7335857581,4685398.228598297,19.0,T
1695769738287002173,405,1695769738285199642,,230305.0,GPS1_FRAME,42.301233333333336,-71.11996833333333,24.5,325255.9277160394,4685398.989414883,19.0,T
1695769741298668640,406,1695769741296794414,,230306.0,GPS1_FRAME,42.30123833333333,-71.11997833333334,24.5,325255.11723568,4685399.565161595,19.0,T
1695769742805120995,407,1695769742803428173,,230307.0,GPS1_FRAME,42.30124333333333,-71.11999,24.6,325254.16937000764,4685400.14433123,19.0,T
1695769744311611160,408,1695769744309897661,,230308.0,GPS1_FRAME,42.301248333333334,-71.12000166666667,24.6,325253.2215044884,4685400.723500997,19.0,T
1695769745818305022,409,1695769745816535711,,230309.0,GPS1_FRAME,42.301253333333335,-71.12001166666667,24.6,325252.41102454497,4685401.299248036,19.0,T
1695769747325089866,410,1695769747323317527,,230310.0,GPS1_FRAME,42.30126,-71.12002,24.6,325251.74254105636,4685402.05664227,19.0,T
1695769750336623203,411,1695769750334861516,,230311.0,GPS1_FRAME,42.30126666666666,-71.12003,24.7,325250.93667231896,4685402.817459463,19.0,T
1695769751843409032,412,1695769751841501474,,230312.0,GPS1_FRAME,42.301273333333334,-71.12004,24.8,325250.1308037534,4685403.578276753,19.0,T
1695769753350040418,413,1695769753348330736,,230313.0,GPS1_FRAME,42.30128,-71.12005166666667,24.9,325249.187550003,4685404.342517067,19.0,T
1695769754856653638,414,1695769754854949951,,230314.0,GPS1_FRAME,42.301285,-71.12006333333333,25.1,325248.2396854515,4685404.9216875415,19.0,T
1695769756363268592,415,1695769756361476898,,230315.0,GPS1_FRAME,42.301291666666664,-71.120075,25.2,325247.2964320827,4685405.685928124,19.0,T
1695769759374873373,416,1695769759373010635,,230316.0,GPS1_FRAME,42.301296666666666,-71.12008833333333,25.4,325246.21118253405,4685406.268521849,19.0,T
1695769760881358484,417,1695769760879556894,,230317.0,GPS1_FRAME,42.30130333333334,-71.12010166666667,25.7,325245.13054424664,4685407.036185724,19.0,T
1695769762388093211,418,1695769762386417150,,230318.0,GPS1_FRAME,42.30131166666666,-71.12011166666667,25.9,325244.3292879092,4685407.9820736945,19.0,T
1695769763894758524,419,1695769763892980813,,230319.0,GPS1_FRAME,42.30132,-71.12012333333334,26.0,325243.3906465119,4685408.931384807,19.0,T
1695769765401378709,420,1695769765399689674,,230320.0,GPS1_FRAME,42.30132833333333,-71.12013333333333,26.1,325242.5893906344,4685409.877272993,19.0,T
1695769768413004816,421,1695769768411251306,,230321.0,GPS1_FRAME,42.301336666666664,-71.120145,26.2,325241.6507497332,4685410.826584355,19.0,T
1695769769919697393,422,1695769769917967557,,230322.0,GPS1_FRAME,42.301343333333335,-71.120155,26.3,325240.8448831069,4685411.587402779,19.0,T
1695769771426170655,423,1695769771424602031,,230323.0,GPS1_FRAME,42.30135,-71.12016666666666,26.5,325239.90163144085,4685412.351644414,19.0,T
1695769772932786316,424,1695769772931182146,,230324.0,GPS1_FRAME,42.30135666666666,-71.12017833333333,26.6,325238.9583799797,4685413.115886182,19.0,T
1695769774439555590,425,1695769774437813043,,230325.0,GPS1_FRAME,42.301365,-71.12019,26.8,325238.01974001015,4685414.065198063,19.0,T
1695769777451321041,426,1695769777449450492,,230326.0,GPS1_FRAME,42.30137166666667,-71.12020166666667,27.0,325237.0764889848,4685414.829440099,19.0,T
1695769778957913937,427,1695769778956187725,,230327.0,GPS1_FRAME,42.301381666666664,-71.12021166666666,27.3,325236.27984598925,4685415.960399038,19.0,T
1695769780465063424,428,1695769780462848663,,230328.0,GPS1_FRAME,42.30139,-71.12022333333333,27.4,325235.3412067727,4685416.909711302,19.0,T
1695769781971720444,429,1695769781969920396,,230329.0,GPS1_FRAME,42.30139833333333,-71.12023333333333,27.5,325234.53995292436,4685417.855600481,19.0,T
1695769783478165372,430,1695769783476567268,,230330.0,GPS1_FRAME,42.301405,-71.12024333333333,27.5,325233.7340878884,4685418.616419777,19.0,T
1695769786489799111,431,1695769786488057136,,230331.0,GPS1_FRAME,42.301413333333336,-71.120255,27.5,325232.79544938065,4685419.5657324055,19.0,T
1695769787996496047,432,1695769787994754314,,230332.0,GPS1_FRAME,42.30142166666667,-71.12026666666667,27.6,325231.8568111321,4685420.515045171,19.0,T
1695769789503419868,433,1695769789501608610,,230333.0,GPS1_FRAME,42.301431666666666,-71.12027833333333,27.6,325230.92278462346,4685421.64942805,19.0,T
1695769791009939819,434,1695769791008230209,,230334.0,GPS1_FRAME,42.30143833333333,-71.12029,27.7,325229.9795354019,4685422.413671101,19.0,T
1695769792516400526,435,1695769792514695167,,230335.0,GPS1_FRAME,42.301445,-71.12030333333334,27.8,325228.89890137524,4685423.181337623,19.0,T
1695769795528177957,436,1695769795526286840,,230336.0,GPS1_FRAME,42.301451666666665,-71.120315,27.8,325227.955652578,4685423.945580961,19.0,T
1695769797034700240,437,1695769797032967567,,230337.0,GPS1_FRAME,42.30146,-71.12032666666667,27.8,325227.0170155783,4685424.8948944155,19.0,T
1695769798541177635,438,1695769798539505958,,230338.0,GPS1_FRAME,42.30146833333333,-71.12033833333334,27.8,325226.0783788356,4685425.844208005,19.0,T
1695769800047604057,439,1695769800045894622,,230339.0,GPS1_FRAME,42.301476666666666,-71.12034833333334,27.8,325225.2771272914,4685426.79009832,19.0,T
1695769801553835660,440,1695769801552240371,,230340.0,GPS1_FRAME,42.301485,-71.12036166666667,27.9,325224.2011061234,4685427.742835587,19.0,T
1695769804564992557,441,1695769804563335418,,230341.0,GPS1_FRAME,42.30149333333333,-71.12037333333333,27.9,325223.2624701539,4685428.69214958,19.0,T
1695769806071552429,442,1695769806069677352,,230342.0,GPS1_FRAME,42.3015,-71.120385,27.8,325222.31922271603,4685429.456393724,19.0,T
1695769807577933873,443,1695769807576287269,,230343.0,GPS1_FRAME,42.30150666666667,-71.12039833333333,27.7,325221.2385906063,4685430.224061489,19.0,T
1695769809084413280,444,1695769809082664251,,230344.0,GPS1_FRAME,42.301515,-71.12041,27.6,325220.2999553716,4685431.173375904,19.0,T
1695769810590929891,445,1695769810589069128,,230345.0,GPS1_FRAME,42.301521666666666,-71.12042166666667,27.5,325219.3567085888,4685431.9376204675,19.0,T
1695769813602404384,446,1695769813600658416,,230346.0,GPS1_FRAME,42.30153,-71.12043333333334,27.4,325218.41807384195,4685432.886935151,19.0,T
1695769815108733468,447,1695769815107007026,,230347.0,GPS1_FRAME,42.301536666666664,-71.120445,27.4,325217.4748274949,4685433.651179982,19.0,T
1695769816615838910,448,1695769816613801240,,230348.0,GPS1_FRAME,42.301545,-71.12045666666667,27.3,325216.5361932381,4685434.600494933,19.0,T
1695769818122957128,449,1695769818121131181,,230349.0,GPS1_FRAME,42.30155166666667,-71.12046833333333,27.2,325215.5929473268,4685435.364740034,19.0,T
1695769819629818636,450,1695769819628076553,,230350.0,GPS1_FRAME,42.30156,-71.12048166666666,27.2,325214.5169287968,4685436.3174788775,19.0,T
1695769822641288426,451,1695769822639489889,,230351.0,GPS1_FRAME,42.301566666666666,-71.12049333333333,27.2,325213.5736833357,4685437.081724265,19.0,T
1695769824148711206,452,1695769824147068738,,230352.0,GPS1_FRAME,42.301575,-71.12050666666667,27.2,325212.49766534194,4685438.034463436,19.0,T
1695769825655212128,453,1695769825653426647,,230353.0,GPS1_FRAME,42.30158333333333,-71.12052,27.3,325211.4216476454,4685438.987202784,19.0,T
1695769827161499854,454,1695769827159892797,,230354.0,GPS1_FRAME,42.30159166666667,-71.12053166666666,27.3,325210.4830149306,4685439.936518598,19.0,T
1695769828669154088,455,1695769828667415142,,230355.0,GPS1_FRAME,42.3016,-71.12054333333333,27.4,325209.5443824729,4685440.885834549,19.0,T
1695769831680741635,456,1695769831679115533,,230356.0,GPS1_FRAME,42.301608333333334,-71.120555,27.6,325208.60575027205,4685441.835150632,19.0,T
1695769833188111573,457,1695769833186412811,,230357.0,GPS1_FRAME,42.30161666666667,-71.12056666666666,27.7,325207.6671183284,4685442.7844668515,19.0,T
1695769834694981145,458,1695769834693299770,,230358.0,GPS1_FRAME,42.301625,-71.12058,27.7,325206.59110202116,4685443.737206987,19.0,T
1695769836201239582,459,1695769836199557542,,230359.0,GPS1_FRAME,42.301631666666665,-71.12059166666667,27.7,325205.64785842656,4685444.501453501,19.0,T
1695769837707700166,460,1695769837705976724,,230400.0,GPS1_FRAME,42.30164,-71.120605,27.8,325204.57184265985,4685445.454193966,19.0,T
1695769840719158236,461,1695769840717312574,,230401.0,GPS1_FRAME,42.30164833333333,-71.12061666666666,27.7,325203.63321175415,4685446.40351076,19.0,T
1695769842224914312,462,1695769842223344564,,230402.0,GPS1_FRAME,42.301656666666666,-71.12063,27.7,325202.55719655356,4685447.356251554,19.0,T
1695769843731397122,463,1695769843729774236,,230403.0,GPS1_FRAME,42.30166333333333,-71.12064166666667,27.7,325201.61395388324,4685448.120498642,19.0,T
1695769845237866167,464,1695769845236252069,,230404.0,GPS1_FRAME,42.30167,-71.120655,27.7,325200.5333268989,4685448.888169771,19.0,T
1695769846744396621,465,1695769846742766618,,230405.0,GPS1_FRAME,42.301676666666665,-71.12066833333333,27.7,325199.4527001439,4685449.655841075,19.0,T
1695769849755758054,466,1695769849754004955,,230406.0,GPS1_FRAME,42.30168333333334,-71.12068166666667,27.7,325198.37207362277,4685450.423512552,19.0,T
1695769851262164454,467,1695769851260466337,,230407.0,GPS1_FRAME,42.30168833333333,-71.12069333333334,27.6,325197.42421940586,4685451.002690241,19.0,T
1695769852768628280,468,1695769852766928672,,230408.0,GPS1_FRAME,42.301695,-71.12070666666666,27.6,325196.3435933102,4685451.770362046,19.0,T
1695769854274976369,469,1695769854273338556,,230409.0,GPS1_FRAME,42.301701666666666,-71.12071666666667,27.6,325195.5377363557,4685452.531186006,19.0,T
1695769855780868615,470,1695769855779302835,,230410.0,GPS1_FRAME,42.30170833333333,-71.12072833333333,27.7,325194.5944951369,4685453.295434089,19.0,T
1695769858792283160,471,1695769858790614604,,230411.0,GPS1_FRAME,42.301715,-71.12074,27.7,325193.651254123,4685454.059682307,19.0,T
1695769860299122107,472,1695769860297360658,,230412.0,GPS1_FRAME,42.301721666666666,-71.12075166666666,27.7,325192.708013314,4685454.8239306575,19.0,T
1695769861805607053,473,1695769861803922891,,230413.0,GPS1_FRAME,42.30173,-71.12076333333333,27.7,325191.7693852773,4685455.773249137,19.0,T
1695769863312272006,474,1695769863310548543,,230414.0,GPS1_FRAME,42.30173666666666,-71.120775,27.8,325190.8261449041,4685456.537497755,19.0,T
1695769864818761408,475,1695769864817008972,,230415.0,GPS1_FRAME,42.301743333333334,-71.120785,27.7,325190.02028910036,4685457.29832239,19.0,T
1695769867829969342,476,1695769867828209638,,230416.0,GPS1_FRAME,42.30175,-71.12079666666666,27.6,325189.07704912254,4685458.062571258,19.0,T
1695769869336396872,477,1695769869334712266,,230417.0,GPS1_FRAME,42.30175666666667,-71.12080666666667,27.5,325188.27119368536,4685458.823396106,19.0,T
1695769870843211140,478,1695769870841324806,,230418.0,GPS1_FRAME,42.301761666666664,-71.12081833333333,27.5,325187.3233414127,4685459.402575225,19.0,T
1695769872349651665,479,1695769872347946643,,230419.0,GPS1_FRAME,42.301768333333335,-71.12083,27.5,325186.38010200916,4685460.166824474,19.0,T
1695769873856010551,480,1695769873854413270,,230420.0,GPS1_FRAME,42.301775,-71.12084333333334,27.5,325185.29947851424,4685460.934498068,19.0,T
1695769876867425897,481,1695769876865709543,,230421.0,GPS1_FRAME,42.30178166666666,-71.120855,27.4,325184.3562395349,4685461.698747602,19.0,T
1695769878373731107,482,1695769878372184276,,230422.0,GPS1_FRAME,42.301786666666665,-71.12086833333333,27.4,325183.2710036939,4685462.281351529,19.0,T
1695769879880199796,483,1695769879878605365,,230423.0,GPS1_FRAME,42.301793333333336,-71.12088,27.4,325182.32776511484,4685463.045601349,19.0,T
1695769881387355632,484,1695769881385655641,,230424.0,GPS1_FRAME,42.3018,-71.12089333333333,27.4,325181.2471424964,4685463.813275598,19.0,T
1695769882894720004,485,1695769882893074989,,230425.0,GPS1_FRAME,42.301806666666664,-71.12090666666667,27.3,325180.1665201117,4685464.580950019,19.0,T
1695769885906260403,486,1695769885904660701,,230426.0,GPS1_FRAME,42.301813333333335,-71.12091833333334,27.3,325179.2232821761,4685465.345200281,19.0,T
1695769887412659910,487,1695769887411112785,,230427.0,GPS1_FRAME,42.30182,-71.12093166666666,27.3,325178.1426602466,4685466.112875029,19.0,T
1695769888919187013,488,1695769888917459964,,230428.0,GPS1_FRAME,42.301825,-71.120945,27.4,325177.05742557696,4685466.695479952,19.0,T
1695769890425522327,489,1695769890423898935,,230429.0,GPS1_FRAME,42.301831666666665,-71.12095833333333,27.4,325175.9768040852,4685467.463155051,19.0,T
1695769891931917051,490,1695769891930316686,,230430.0,GPS1_FRAME,42.301838333333336,-71.12097333333334,27.4,325174.7587986678,4685468.234254744,19.0,T
1695769894943548092,491,1695769894941799402,,230431.0,GPS1_FRAME,42.301845,-71.12098666666667,27.5,325173.67817765777,4685469.001930211,19.0,T
1695769896449987186,492,1695769896448348760,,230432.0,GPS1_FRAME,42.30185,-71.121,27.5,325172.592943788,4685469.584535853,19.0,T
1695769897956368678,493,1695769897954817295,,230433.0,GPS1_FRAME,42.301855,-71.12101333333334,27.5,325171.50771009066,4685470.167141667,19.0,T
1695769899462777450,494,1695769899461122751,,230434.0,GPS1_FRAME,42.30186166666667,-71.12102666666667,27.5,325170.4270897247,4685470.934817657,19.0,T
1695769900969100673,495,1695769900967526912,,230435.0,GPS1_FRAME,42.30186666666667,-71.12104,27.6,325169.34185640607,4685471.51742382,19.0,T
1695769903980299112,496,1695769903978625535,,230436.0,GPS1_FRAME,42.30187333333333,-71.12105333333334,27.7,325168.26123647584,4685472.285100157,19.0,T
1695769905486780335,497,1695769905485018968,,230437.0,GPS1_FRAME,42.30188,-71.12106666666666,27.7,325167.18061677925,4685473.052776671,19.0,T
1695769906992901265,498,1695769906991304397,,230438.0,GPS1_FRAME,42.30188666666667,-71.12108,27.7,325166.0999973144,4685473.820453359,19.0,T
1695769908499423997,499,1695769908497748851,,230439.0,GPS1_FRAME,42.30189333333333,-71.12109333333333,27.8,325165.0193780853,4685474.588130221,19.0,T
1695769910005691639,500,1695769910004182338,,230440.0,GPS1_FRAME,42.3019,-71.12110666666666,27.9,325163.93875908986,4685475.355807257,19.0,T
1695769913017851024,501,1695769913016201972,,230441.0,GPS1_FRAME,42.30190666666667,-71.12112,27.9,325162.8581403261,4685476.123484467,19.0,T
1695769914524860988,502,1695769914523218393,,230442.0,GPS1_FRAME,42.30191333333333,-71.12113333333333,28.0,325161.77752180025,4685476.891161851,19.0,T
1695769916031615469,503,1695769916029986381,,230443.0,GPS1_FRAME,42.30191833333333,-71.12114833333334,28.0,325160.5549060982,4685477.47719411,19.0,T
1695769917537901255,504,1695769917536427736,,230444.0,GPS1_FRAME,42.301925,-71.12116166666667,28.0,325159.4742880245,4685478.244871864,19.0,T
1695769919044469228,505,1695769919042896986,,230445.0,GPS1_FRAME,42.30193166666667,-71.12117666666667,28.1,325158.2562862225,4685479.015974545,19.0,T
1695769922055555197,506,1695769922053938388,,230446.0,GPS1_FRAME,42.30193833333333,-71.12119,28.0,325157.17566863063,4685479.78365267,19.0,T
1695769923562037899,507,1695769923560332059,,230447.0,GPS1_FRAME,42.301945,-71.12120333333333,28.1,325156.09505126835,4685480.551330969,19.0,T
1695769925068323967,508,1695769925066791534,,230448.0,GPS1_FRAME,42.30195333333333,-71.12121666666667,28.2,325155.0190477163,4685481.504079448,19.0,T
1695769926574851527,509,1695769926573050260,,230449.0,GPS1_FRAME,42.301961666666664,-71.12122833333333,28.2,325154.0804283483,4685482.453403266,19.0,T
1695769928081252777,510,1695769928079576253,,230450.0,GPS1_FRAME,42.30197,-71.12124,28.1,325153.1418092393,4685483.402727219,19.0,T
1695769931092714974,511,1695769931090958833,,230451.0,GPS1_FRAME,42.30197833333333,-71.12125,28.2,325152.3405742381,4685484.348626434,19.0,T
1695769932599221889,512,1695769932597471714,,230452.0,GPS1_FRAME,42.30198333333333,-71.12126333333333,28.2,325151.25534443057,4685484.931235512,19.0,T
1695769934105611386,513,1695769934103980779,,230453.0,GPS1_FRAME,42.30199,-71.12127666666666,28.3,325150.1747285018,4685485.698914773,19.0,T
1695769935611996477,514,1695769935610343933,,230454.0,GPS1_FRAME,42.301995,-71.12129166666666,28.3,325148.95211525203,4685486.284949136,19.0,T
1695769937118228671,515,1695769937116653680,,230455.0,GPS1_FRAME,42.30200166666667,-71.121305,28.3,325147.87149977556,4685487.052628767,19.0,T
1695769940129484086,516,1695769940127826452,,230456.0,GPS1_FRAME,42.30200833333333,-71.12131833333333,28.3,325146.79088453477,4685487.820308571,19.0,T
1695769941635946399,517,1695769941634275436,,230457.0,GPS1_FRAME,42.302013333333335,-71.12133166666666,28.2,325145.7056556975,4685488.402918539,19.0,T
1695769943142251929,518,1695769943140591859,,230458.0,GPS1_FRAME,42.30202,-71.12134666666667,28.3,325144.48765712755,4685489.1740237195,19.0,T
1695769944648466335,519,1695769944646847486,,230459.0,GPS1_FRAME,42.30202666666667,-71.12136166666667,28.3,325143.2696588201,4685489.945129119,19.0,T
1695769946154894459,520,1695769946153200149,,230500.0,GPS1_FRAME,42.302031666666664,-71.12137666666666,28.4,325142.0470468474,4685490.531164728,19.0,T
1695769949166084661,521,1695769949164430379,,230501.0,GPS1_FRAME,42.302038333333336,-71.12139166666667,28.5,325140.8290490317,4685491.302270568,19.0,T
1695769950672493603,522,1695769950670856475,,230502.0,GPS1_FRAME,42.302045,-71.12140666666667,28.6,325139.61105147866,4685492.0733766295,19.0,T
1695769952178814103,523,1695769952177105188,,230503.0,GPS1_FRAME,42.302051666666664,-71.12142,28.6,325138.5304378866,4685492.841057761,19.0,T
1695769953685120777,524,1695769953683469295,,230504.0,GPS1_FRAME,42.302056666666665,-71.12143333333333,28.8,325137.4452104729,4685493.423669056,19.0,T
1695769955191447217,525,1695769955189776420,,230505.0,GPS1_FRAME,42.30206333333334,-71.12144666666667,28.8,325136.3645973166,4685494.191350536,19.0,T
1695769958202793898,526,1695769958201034307,,230506.0,GPS1_FRAME,42.30206833333333,-71.12146166666666,28.9,325135.14198662085,4685494.777387393,19.0,T
1695769959709038288,527,1695769959707423210,,230507.0,GPS1_FRAME,42.30207333333333,-71.121475,28.9,325134.0567597691,4685495.359999229,19.0,T
1695769961215580425,528,1695769961213880062,,230508.0,GPS1_FRAME,42.30208,-71.12149,29.0,325132.8387636358,4685496.131106514,19.0,T
1695769962721843373,529,1695769962720255374,,230509.0,GPS1_FRAME,42.302085,-71.121505,29.2,325131.6161535509,4685496.717144005,19.0,T
1695769964228197062,530,1695769964226615905,,230510.0,GPS1_FRAME,42.30209,-71.12152,29.3,325130.3935436579,4685497.303181715,19.0,T
1695769967239602153,531,1695769967237941503,,230511.0,GPS1_FRAME,42.302095,-71.121535,29.5,325129.1709339653,4685497.889219646,19.0,T
1695769968746095139,532,1695769968744411468,,230512.0,GPS1_FRAME,42.3021,-71.12155,29.7,325127.94832446886,4685498.475257795,19.0,T
1695769970252357407,533,1695769970250805139,,230513.0,GPS1_FRAME,42.302105,-71.121565,29.9,325126.7257151643,4685499.061296164,19.0,T
